ID,Question,Answer,Category,Source
1,How can I apply for admission?,"Students seeking admission must first satisfy the eligibility requirements of the concerned programme. They should participate in the prescribed counselling process and obtain a seat through the applicable admission procedure. After selection, the required documents must be verified and the prescribed admission formalities completed. The applicable fees must then be paid within the specified period to confirm admission.",Admissions,Student Handbook 2025-2026
2,What are the admission requirements?,Admission requirements depend on the programme and the applicable admission regulations. Students must satisfy the prescribed academic eligibility conditions before participating in the admission or counselling process. Required documents must be submitted for verification after selection. The exact programme-wise requirements should be checked in the applicable admission notification.,Admissions,Student Handbook 2025-2026
3,What documents are required for admission?,The exact admission documents depend on the applicable admission process and programme. Students should keep their academic and identification documents ready for verification. The required documents must be submitted during the prescribed admission formalities. The current admission notification should be followed for the complete document checklist.,Admissions,Student Handbook 2025-2026
4,When does admission registration start?,Admission registration starts according to the official admission schedule announced for the relevant admission process. Students should register within the prescribed period and complete the required application formalities. The Student Handbook does not provide one universal registration date for all programmes. Students should therefore refer to the current admission notification for the exact date.,Admissions,Student Handbook 2025-2026
5,What is the last date to apply for admission?,The last date for admission application depends on the admission notification applicable to the programme. Students must submit the application within the prescribed deadline. Applications submitted after the closing date may not be considered under the applicable admission procedure. The exact last date should be checked in the current official admission notification.,Admissions,Student Handbook 2025-2026
6,Can I apply for admission online?,"Online admission can be completed when an online application facility is provided for the relevant admission process. Students should use the prescribed admission portal and enter the required information correctly. After submitting the application, they should complete any required document verification and admission formalities. The availability of online application depends on the current admission notification.",Admissions,Student Handbook 2025-2026
7,How can I check my admission status?,"Students can check their admission status through the prescribed admission portal or the designated admission office. The application or admission details should be checked using the required student or application credentials. If the status is not updated, the student should contact the admission office. The Student Handbook does not specify one common admission-status portal for every programme.",Admissions,Student Handbook 2025-2026
8,How can I pay semester fees?,"Students can pay fees through CAMPS by logging in and selecting Student, followed by Fees and Fee Payment. The payment gateway can be used for payment through net banking. Fees can also be paid through NEFT or RTGS using the Student Virtual Account details provided in the Demand Notice. Students should retain the transaction or payment confirmation for future reference.",Fees,Student Handbook 2025-2026
9,Can I pay fees using net banking?,"Yes, the Student Handbook provides payment through the CAMPS payment gateway using net banking. Students should log in to CAMPS and select Student, then Fees, and then Fee Payment. The payment should be completed through the prescribed gateway. Students should keep the payment confirmation or transaction details after successful payment.",Fees,Student Handbook 2025-2026
10,Can I pay fees using UPI?,"The Student Handbook specifically describes fee payment through the CAMPS payment gateway using net banking and through NEFT or RTGS using the Student Virtual Account. It does not specifically state that UPI is an approved fee-payment method. Therefore, UPI should not be treated as a confirmed handbook-supported payment method unless the current payment portal provides it.",Fees,Student Handbook 2025-2026
11,When should hostel biometric attendance be registered?,Hostel students must register their biometric attendance every day between 7:00 PM and 8:15 PM. Biometric registration is mandatory for hostel residents. Failure to register within the prescribed period may result in attendance and mail facilities being blocked. The handbook also states that a message may be sent to the respective parent in such cases.,Hostel,Student Handbook 2025-2026
12,What happens if I miss hostel biometric attendance?,"If a hostel student misses the prescribed biometric attendance period, attendance and mail facilities may be blocked. The handbook states that a message may also be sent to the respective parent. To unblock the mail facility, the student must approach the Hostel Manager through the respective in-charges. Biometric-related issues should be reported on the same day.",Hostel,Student Handbook 2025-2026
13,How can I apply for hostel leave?,Students who want to go home must obtain prior approval from their mentor through CAMPS. Emergency leave requires approval from the respective Deputy Warden. General Permission and Sick Leave are also handled through the prescribed hostel procedure. Students must also register their OUT and IN movements at the main hostel gates when leaving or returning.,Hostel,Student Handbook 2025-2026
14,What are the library timings?,"The Learning Centre is open from 8:30 AM to 9:00 PM on weekdays. On Sundays, it is open from 8:30 AM to 5:00 PM. The library provides access to books, journals, digital resources and other learning facilities. Students must follow the library rules while using the Learning Centre.",Library,Student Handbook 2025-2026
15,How many books can I borrow?,"UG students, PG students and research scholars can borrow up to six books from the Learning Centre. The normal borrowing period for these students is 14 days. The library uses an RFID-based Library Management System for circulation and tracking. Students must return or renew books according to the applicable library rules.",Library,Student Handbook 2025-2026
16,How long can I keep a borrowed book?,"UG students, PG students and research scholars can keep borrowed books for 14 days. The library provides an online renewal facility for eligible books. Students should return books within the prescribed period to avoid applicable overdue charges. Reference books and certain other resources have separate issue restrictions.",Library,Student Handbook 2025-2026
17,How can I download my hall ticket?,Students can download their e-hall ticket through the Student Dashboard when it is released for the examination. A hard copy of the e-hall ticket must be brought to the examination hall. Students must also carry their valid identity card. They should check the official examination communication for the release of the hall ticket and related instructions.,Examination,Student Handbook 2025-2026
18,What is the passing requirement?,"For Semester End Examinations, students must obtain the prescribed minimum marks to pass the course. The handbook specifies a minimum SEE requirement of 45 marks out of 100. The combined Internal and External assessment requires 50 marks out of 100. Students must also satisfy the applicable attendance and examination eligibility requirements.",Examination,Student Handbook 2025-2026
19,How can I apply for revaluation?,"Students can apply for review, revaluation or both for eligible theory or theory-with-lab courses. The application must be submitted within two working days after the results are published. The prescribed application form and required fee must be submitted to the Office of the Controller of Examinations. Students should follow the examination office instructions for the applicable procedure.",Examination,Student Handbook 2025-2026
20,What are the placement eligibility criteria?,Students must maintain a minimum 60% aggregate throughout their academics to participate in placement activities. They must also qualify in Personalized Skill. Eligible students can participate in placement activities beginning from the pre-final year. Registered students are required to attend the training programmes and assessments conducted by the Training and Placement Cell.,Placement,Student Handbook 2025-2026
21,Is a resume required for placement?,"A strong and formal resume is an important requirement for placement preparation and participation. Students should prepare a clear resume containing their academic details, technical skills, projects and relevant achievements. The handbook also requires students to maintain an active GitHub profile showcasing technical skills and projects. Students should carry the required interview file and documents during placement activities.",Placement,Student Handbook 2025-2026
22,Is Wi-Fi available on campus?,"Yes, the campus provides Wi-Fi connectivity for students and staff. The handbook records a Wi-Fi facility with download and upload speeds of approximately 92.85 Mbps and 94.58 Mbps. Students use their institutional login credentials to access the network. The handbook also specifies a daily usage limit of 5 GB.",Facilities,Student Handbook 2025-2026
23,Are computer labs available?,"Yes, computer facilities are available across the campus. The handbook records 4,885 computers and 184 printers in laboratories, libraries, classrooms and administrative areas. These systems support programming, assignments, simulations, academic work and research activities. The campus also provides technical support for computer-related issues.",Facilities,Student Handbook 2025-2026
24,Is there a medical facility?,"Yes, the institute has a centralized medical centre that provides medical support 24 hours a day and 7 days a week. The facility has resident medical officers, nursing staff and nursing assistants. A 24/7 ambulance service is also available for emergency situations. Emergency transfers can be arranged to hospitals in Sathyamangalam, Coimbatore or Erode.",Facilities,Student Handbook 2025-2026
25,What happens after I am selected for admission?,"After selection, students must complete document verification and submit all required certificates. They should complete the prescribed admission formalities and pay the applicable fees within the specified period. Admission is confirmed only after successful completion of all required procedures.",Admissions,Student Handbook 2025-2026
26,How can I confirm my admission?,"Admission is confirmed after completing document verification, submitting the required forms and paying the prescribed fees. Students should ensure that all admission formalities are completed within the specified timeline. The exact procedure depends on the applicable admission process.",Admissions,Student Handbook 2025-2026
27,Is an admission fee required?,"Yes, admission-related fees may be applicable according to the institutional regulations. Students must pay the prescribed amount within the specified period to complete admission. The exact fee amount depends on the programme and current admission notification.",Fees,Student Handbook 2025-2026
28,When should the admission fee be paid?,Admission fees must be paid within the timeline specified in the admission process. Delayed payment may affect admission confirmation. Students should follow the fee instructions provided during admission.,Fees,Student Handbook 2025-2026
29,How can I pay the admission fee?,Fees can be paid through CAMPS by selecting Student → Fees → Fee Payment. Net banking is supported through the payment gateway. NEFT/RTGS payment using Student Virtual Account details is also permitted.,Fees,Student Handbook 2025-2026
30,Can I cancel my admission?,"Admission cancellation depends on the applicable institutional rules and regulations. Students should submit the required request and complete the prescribed cancellation procedure. Refunds, if applicable, are processed according to institutional policy.",Admissions,Student Handbook 2025-2026
31,Is the admission fee refundable,Fee refunds are processed according to the institution's refund policy. The exact refund amount and conditions depend on the applicable rules. Students should contact the concerned office for refund-related procedures.,Fees,Student Handbook 2025-2026
32,Who should I contact for admission queries?,"Students should contact the designated admission office for admission-related information. The office provides support regarding eligibility, applications, counselling, document verification and admission procedures.",Admissions,Student Handbook 2025-2026
33,Where is the admission office?,The Student Handbook does not specify a fixed location for the admission office. Students should refer to the institution's official communication channels for current office details and timings.,Admissions,Student Handbook 2025-2026
34,How can I get help with my admission application?,"Students can seek assistance from the admission office during the application process. Help may be available for registration, document submission, counselling and fee payment procedures.",Admissions,Student Handbook 2025-2026
35,How can I pay semester fees?,Students can pay fees through CAMPS by selecting Student → Fees → Fee Payment. Payments can be made using net banking through the payment gateway. NEFT/RTGS using Student Virtual Account details is also allowed.,Fees,Student Handbook 2025-2026
36,What is the semester fee?,The Student Handbook does not specify one common semester fee for all programmes. Fee amounts vary depending on the course and applicable regulations. Students should refer to the fee notification for the exact amount.,Fees,Student Handbook 2025-2026
37,When should semester fees be paid?,Semester fees must be paid within the prescribed payment period announced by the institution. Students should complete payment before the due date to avoid any restrictions.,Fees,Student Handbook 2025-2026
38,What is the last date for fee payment?,The fee payment deadline is announced through official notifications. Students should regularly check the student portal and institutional communications for current dates.,Fees,Student Handbook 2025-2026
39,Is there a late fee for delayed payment?,The Student Handbook does not specify a universal late fee amount. Any penalty or additional charges depend on the applicable fee regulations.,Fees,Student Handbook 2025-2026
40,What happens if I don't pay fees on time?,Delayed payment may result in restrictions according to institutional rules. Students should complete fee payment within the prescribed period to avoid any issues related to academic activities or services.,Fees,Student Handbook 2025-2026
41,Can I pay fees online?,Yes. Students can pay fees online through CAMPS using the fee payment option. Net banking and NEFT/RTGS methods are supported according to the handbook.,Fees,Student Handbook 2025-2026
42,Can I pay fees through the student portal?,Yes. Fee payment can be completed through CAMPS by selecting Student → Fees → Fee Payment. Students should retain the payment confirmation for future reference.,Fees,Student Handbook 2025-2026
43,Can I pay fees using UPI?,"The handbook specifically mentions payment gateway, net banking and NEFT/RTGS methods. UPI is not specifically mentioned as an approved payment mode.",Fees,Student Handbook 2025-2026
44,Can I pay fees using net banking?,Yes. The handbook specifically permits payment through the payment gateway using net banking. Students can access this facility through CAMPS.,Fees,Student Handbook 2025-2026
45,How can I get my fee receipt?,Fee receipts can be obtained after successful payment through the prescribed payment system. Students should save or print receipts for future reference.,Fees,Student Handbook 2025-2026
46,What should I do if my fee payment failed?,"Students should verify the transaction status and retain payment details. If the amount is deducted but not updated, they should contact the concerned office with transaction information.",Fees,Student Handbook 2025-2026
47,What should I do if money was deducted but payment failed?,Students should keep the transaction reference details and contact the concerned office for support. The issue should be reported with proper proof of payment.,Fees,Student Handbook 2025-2026
48,Can I pay fees in installments?,The handbook does not provide a general installment payment scheme. Students should contact the concerned authority for applicable options.,Fees,Student Handbook 2025-2026
49,Are there additional examination fees?,Examination fees may be applicable according to examination regulations. The exact amount depends on the current examination notification.,Fees,Student Handbook 2025-2026
50,What is the hostel fee?,The handbook does not specify one common hostel fee for all students. Hostel charges depend on the applicable accommodation type and regulations.,Fees,Student Handbook 2025-2026
51,What is the mess fee?,Mess charges are determined according to hostel and mess regulations. The exact amount may vary and should be checked through the concerned office.,Fees,Student Handbook 2025-2026
52,How can I check my pending fees?,Students can check fee-related information through the student portal or concerned office. Updated payment details should be verified regularly.,Fees,Student Handbook 2025-2026
53,Can I get a duplicate fee receipt?,Students can request a duplicate fee receipt from the concerned office if required. Supporting payment details may need to be provided.,Fees,Student Handbook 2025-2026
54,Can I get a refund of my fees?,Refunds are processed according to the applicable institutional policy. The exact conditions depend on the refund rules in force.,Fees,Student Handbook 2025-2026
55,How can I apply for a fee concession?,Eligible students may apply according to the prescribed fee concession procedure. Supporting documents may be required for verification.,Fees,Student Handbook 2025-2026
56,Who should I contact about fee problems?,Students should contact the accounts or finance office for fee-related issues. Payment-related queries should be supported with transaction details.,Fees,Student Handbook 2025-2026
57,Where is the accounts office?,The handbook does not specify a fixed location for the accounts office. Students should use official communication channels to obtain current details.,Fees,Student Handbook 2025-2026
58,What are the accounts office timings?,The accounts office functions according to institutional working hours. Students should check official announcements for exact timings.,Fees,Student Handbook 2025-2026
59,How can I apply for hostel admission?,Students should follow the prescribed hostel admission procedure and submit the required forms. Hostel allocation depends on institutional rules and availability.,Hostel,Student Handbook 2025-2026
60,What is the hostel admission procedure?,"Hostel admission is carried out according to the rules prescribed by the institution. Students may need to complete applications, submit documents and pay applicable charges.",Hostel,Student Handbook 2025-2026
61,Is there a prescribed form for hostel admission?,Students should use the prescribed hostel application form whenever required. The exact process depends on hostel regulations.,Hostel,Student Handbook 2025-2026
62,Who approves hostel admission?,Hostel admissions are approved by the designated hostel authorities according to institutional rules.,Hostel,Student Handbook 2025-2026
63,Is hostel admission renewed every year?,Hostel accommodation is subject to renewal according to hostel regulations. Students should follow the annual renewal process.,Hostel,Student Handbook 2025-2026
64,Do I need to apply again every year for hostel?,Yes. Students should follow the annual renewal procedure prescribed by hostel authorities.,Hostel,Student Handbook 2025-2026
65,Is an undertaking required for hostel admission?,Students may be required to submit an undertaking according to hostel regulations. The undertaking confirms that students agree to follow hostel rules and discipline requirements.,Hostel,Student Handbook 2025-2026
66,Can hostel residents be asked to vacate?,Yes. Students may be required to vacate the hostel according to institutional decisions or violations of hostel regulations.,Hostel,Student Handbook 2025-2026
67,Who manages the hostel?,"The hostel is managed by designated wardens, deputy wardens, hostel managers and supporting staff according to institutional rules.",Hostel,Student Handbook 2025-2026
68,What is the role of the Hostel Council?,"The Hostel Council addresses hostel-related matters, student welfare and suggestions according to prescribed procedures.",Hostel,Student Handbook 2025-2026
69,Can students give suggestions about the mess menu?,Yes. Students can provide suggestions regarding the mess menu through the prescribed hostel mechanism.,Hostel,Student Handbook 2025-2026
70,Who allots hostel rooms?,Hostel rooms are allotted by hostel authorities according to availability and institutional regulations.,Hostel,Student Handbook 2025-2026
71,Can I choose my hostel room?,Room selection depends on hostel allocation policies and availability. Students should follow the prescribed room allotment procedure.,Hostel,Student Handbook 2025-2026
72,Can I change my allotted hostel room?,Room changes require permission from hostel authorities. Students should submit requests according to hostel procedures.,Hostel,Student Handbook 2025-2026
73,Is permission required to change rooms?,Yes. Approval from the appropriate hostel authority is mandatory before changing rooms.,Hostel,Student Handbook 2025-2026
74,What furniture is provided in hostel rooms?,Hostel rooms contain furniture provided according to institutional facilities. Students should maintain hostel property properly.,Hostel,Student Handbook 2025-2026
75,Should I bring my own bedding?,Students should follow hostel instructions regarding bedding and personal belongings. Specific requirements depend on hostel regulations.,Hostel,Student Handbook 2025-2026
76,Can I use a laptop in the hostel?,Yes. Laptop usage is permitted subject to hostel rules and responsible use guidelines.,Hostel,Student Handbook 2025-2026
77,Is permission required to use a laptop?,Students should comply with any applicable permission or undertaking requirements related to laptop usage.,Hostel,Student Handbook 2025-2026
78,Is ragging prohibited in the hostel?,Yes. Ragging is strictly prohibited. Disciplinary action will be taken against students involved in ragging activities.,Hostel,Student Handbook 2025-2026
79,Is smoking allowed in the hostel?,No. Smoking is prohibited in all hostel premises. Violations may lead to disciplinary action.,Hostel,Student Handbook 2025-2026
80,Are alcoholic drinks allowed in the hostel?,No. Possession or consumption of alcohol is prohibited in the hostel. Strict action may be taken for violations.,Hostel,Student Handbook 2025-2026
81,Are drugs allowed in the hostel?,No. Drugs and prohibited substances are not permitted in the hostel under any circumstances.,Hostel,Student Handbook 2025-2026
82,How can I apply for hostel leave?,Students going home must obtain mentor approval through CAMPS. Emergency leave is approved by the Deputy Warden. Students must also register OUT and IN entries at hostel gates.,Hostel,Student Handbook 2025-2026
83,When can parents visit the hostel?,Parents may visit their wards between 6:00 AM and 6:00 PM. Other relatives are generally not permitted unless accompanied by parents.,Hostel,Student Handbook 2025-2026
84,What are the parent visiting hours?,Parent visiting hours are from 6:00 AM to 6:00 PM according to hostel regulations.,Hostel,Student Handbook 2025-2026
85,When should hostel biometric attendance be registered?,Hostel students must register biometric attendance daily between 7:00 PM and 8:15 PM.,Hostel,Student Handbook 2025-2026
86,What happens if I miss hostel biometric attendance?,Missing biometric attendance may lead to blocked attendance and mail facilities. Parents may also be informed.,Hostel,Student Handbook 2025-2026
87,On which days can students go for outing?,"Boys can go for outing on Tuesdays and Thursdays, while girls can go on Wednesdays and Fridays during prescribed timings. First-year students are not permitted for outing.",Hostel,Student Handbook 2025-2026
88,How can I report a hostel maintenance problem?,Students should report maintenance complaints through the prescribed hostel complaint system or hostel authorities.,Hostel,Student Handbook 2025-2026
89,Where should hostel garbage be disposed of?,Waste should be disposed of only in designated locations to maintain cleanliness and hygiene.,Hostel,Student Handbook 2025-2026
90,Can students take meals to their hostel rooms?,Meals may be taken to rooms only when permitted under hostel rules.,Hostel,Student Handbook 2025-2026
91,What are the hostel cleanliness rules?,Students must maintain room cleanliness and follow all housekeeping rules prescribed by the hostel.,Hostel,Student Handbook 2025-2026
92,What are the library timings?,The Learning Centre operates from 8:30 AM to 9:00 PM on weekdays and from 8:30 AM to 5:00 PM on Sundays.,Library,Student Handbook 2025-2026
93,When does the library open?,The Learning Centre opens at 8:30 AM.,Library,Student Handbook 2025-2026
94,When does the library close?,The library closes at 9:00 PM on weekdays and 5:00 PM on Sundays.,Library,Student Handbook 2025-2026
95,Is the library open on weekends?,Yes. The Learning Centre is open on Sundays from 8:30 AM to 5:00 PM.,Library,Student Handbook 2025-2026
96,Is the library open on holidays?,Holiday operation depends on institutional announcements. Students should verify the schedule in advance.,Library,Student Handbook 2025-2026
97,Who can use the library?,"Students, faculty members and authorized users can access the library facilities according to library rules.",Library,Student Handbook 2025-2026
98,Is an ID card required to enter the library?,Students should carry a valid identity card while using library facilities.,Library,Student Handbook 2025-2026
99,How can I borrow a book?,Books can be borrowed using the RFID-based library system according to borrowing regulations.,Library,Student Handbook 2025-2026
100,How many books can I borrow?,"UG, PG and research scholars can borrow six books for 14 days.",Library,Student Handbook 2025-2026
101,How long can I keep a borrowed book?,The borrowing period for students is 14 days. Books can be renewed through the library system if eligible.,Library,Student Handbook 2025-2026
102,How can I renew a borrowed book?,Students can renew books using the online library renewal facility provided through the library management system.,Library,Student Handbook 2025-2026
103,What happens if I return a book late?,Late returns may attract fines according to library regulations. Students should return books on time.,Library,Student Handbook 2025-2026
104,Is there a fine for late book return?,Yes. Overdue books may attract fines according to library rules.,Library,Student Handbook 2025-2026
105,What happens if I lose a library book?,Students who lose a library book must report the loss to the Learning Centre and follow the prescribed replacement or payment procedure. The student may be required to replace the book or pay the applicable cost according to library regulations.,Library,Student Handbook 2025-2026
106,Can I reserve a book?,Book reservation can be made when the facility is provided through the library system. Students can use the library catalogue to identify books and check their availability. The applicable reservation rules of the Learning Centre must be followed.,Library,Student Handbook 2025-2026
107,How can I check book availability?,Students can check book availability through the library catalogue or OPAC facility. The Learning Centre uses an Integrated Library System to manage its collection. Students can search for books and their availability before visiting the library.,Library,Student Handbook 2025-2026
108,Are reference books available?,"Yes, reference books are available in the Learning Centre. They are intended mainly for consultation and academic reference. Reference books are subject to separate borrowing restrictions compared with normal books.",Library,Student Handbook 2025-2026
109,Can reference books be taken home?,Reference books are subject to special issue restrictions. They are generally intended for use within the Learning Centre and are not treated in the same way as regular lending books. Students should follow the library's reference-book issue rules.,Library,Student Handbook 2025-2026
110,Are newspapers available in the library?,Newspapers are available as part of the Learning Centre's information resources. Students can use them for reading and general academic information. Availability depends on the current library collection and subscriptions.,Library,Student Handbook 2025-2026
111,Are journals available?,"Yes, journals are available through the Learning Centre's collection and subscriptions. Students can use journals for academic study, assignments and research. Access is subject to the applicable library rules.",Library,Student Handbook 2025-2026
112,Are digital resources available?,The Learning Centre provides digital learning resources in addition to printed books. Students can access online academic resources and electronic information services provided by the institution. Access depends on the available subscriptions and systems.,Library,Student Handbook 2025-2026
113,Can students access e-books?,Students can access e-books when they are included in the library's digital collection. The Learning Centre provides electronic learning resources along with physical books and journals. Students should use the approved library systems to access them.,Library,Student Handbook 2025-2026
114,Can students access online journals?,Students can access online journals available through the Learning Centre's subscribed digital resources. These resources support academic learning and research. Access must be made through the approved institutional library services.,Library,Student Handbook 2025-2026
115,Is Wi-Fi available in the library?,"The campus provides Wi-Fi connectivity, including access for academic activities in library facilities. Students can use institutional credentials to access the network. The handbook specifies a daily Wi-Fi usage limit of 5 GB.",Library,Student Handbook 2025-2026
116,Are computers available in the library?,"Computer facilities are available across the campus, including library-related learning facilities. The institution has thousands of computers for academic and research purposes. Students can use the available systems according to institutional rules.",Library,Student Handbook 2025-2026
117,Is there a reading room?,The Learning Centre provides facilities for students to read and study. Students can use the library's reading areas during the operating hours. The facilities are intended to support academic learning and reference work.,Library,Student Handbook 2025-2026
118,What are the examination dates?,Examination dates are published through the official examination timetable. Students should check the examination schedule announced by the institution. The handbook provides the examination regulations but does not give one fixed timetable for every semester.,Examination,Student Handbook 2025-2026
119,Where can I get the exam timetable?,Students can obtain the examination timetable through official institutional communication and examination-related portals. The timetable contains the dates and schedule for the relevant examinations. Students should check the latest timetable before the examination period.,Examination,Student Handbook 2025-2026
120,When will the exam timetable be released?,The examination timetable is released according to the schedule decided by the institution. The Student Handbook does not specify one fixed release date for every semester. Students should monitor official examination notifications for the current timetable.,Examination,Student Handbook 2025-2026
121,How can I apply for the examination?,Students must complete the prescribed examination application process within the specified period. Examination registration is subject to the applicable academic and examination regulations. Students should ensure that required fees and other formalities are completed before the deadline.,Examination,Student Handbook 2025-2026
122,When is the exam application deadline?,The examination application deadline is announced through the official examination notification. Students must complete registration within the prescribed period. The Student Handbook does not provide one fixed deadline applicable to every examination.,Examination,Student Handbook 2025-2026
123,How can I download my hall ticket?,Students can download the e-hall ticket from the Student Dashboard after it is released. They must take a hard copy of the e-hall ticket to the examination hall. Students must also carry their valid identity card and follow the instructions provided for the examination.,Examination,Student Handbook 2025-2026
124,When will the hall ticket be available?,The e-hall ticket is made available through the Student Dashboard according to the examination schedule. Students should download it as soon as it is released. The hall ticket contains important examination information and must be carried to the examination hall.,Examination,Student Handbook 2025-2026
125,Is an ID card required during the examination?,Yes. Students must carry their valid institutional identity card during the examination. The identity card is used for verification at the examination venue. Students should also carry the printed e-hall ticket.,Examination,Student Handbook 2025-2026
126,What should I do if I lose my hall ticket?,"If a student loses the hall ticket, they should contact the examination office and follow the prescribed procedure. Since the e-hall ticket is available through the Student Dashboard, the student should check whether another copy can be downloaded. The examination office should be contacted if further assistance is required.",Examination,Student Handbook 2025-2026
127,Where can I find my exam centre?,The examination centre and related examination information are provided through the hall ticket or official examination communication. Students should carefully check the venue details before the examination. They should report to the assigned centre at the prescribed time.,Examination,Student Handbook 2025-2026
128,When should I reach the examination hall?,Students should reach the examination hall before the reporting time mentioned in the examination instructions. They should allow sufficient time for identity verification and seating. Students must follow the entry and examination instructions issued by the institution.,Examination,Student Handbook 2025-2026
129,What are the examination hall rules?,Students must maintain discipline and follow all instructions issued by the examination authorities. They must carry the required identity card and hall ticket and sit in the allotted place. Any prohibited activity or material can lead to action under examination regulations.,Examination,Student Handbook 2025-2026
130,What items are allowed inside the exam hall?,Students may carry only the materials permitted by the examination instructions. Required examination documents such as the hall ticket and identity card must be carried. Other items are permitted only when specifically allowed by the examination authorities.,Examination,Student Handbook 2025-2026
131,What items are prohibited in the exam hall?,Students must not carry materials or devices prohibited by the examination regulations. Electronic devices and unauthorized materials may not be permitted. Students should follow the specific instructions issued for each examination.,Examination,Student Handbook 2025-2026
132,What happens if I miss an examination?,A student who misses an examination is subject to the applicable examination regulations. The student should immediately contact the examination office if there is a genuine issue. Any further opportunity or procedure depends on the regulations applicable to the examination.,Examination,Student Handbook 2025-2026
133,When will exam results be published?,Examination results are published after the evaluation and result-processing procedures are completed. The exact date is announced through official examination communication. Students can check their results through the prescribed student or examination portal.,Examination,Student Handbook 2025-2026
134,Where can I check my results?,Students can check examination results through the official student or examination portal. Results are published after completion of the examination evaluation process. Students should use their institutional login credentials where required.,Examination,Student Handbook 2025-2026
135,How can I download my mark sheet?,Students can obtain or download their mark sheet through the prescribed examination or student portal. The document contains the student's academic performance and examination results. Students should follow the instructions issued by the examination office.,Examination,Student Handbook 2025-2026
136,How can I apply for revaluation?,"Students can apply for review, revaluation or both for eligible theory and theory-with-lab courses. The application must be submitted within two working days after publication of results. The prescribed form and required fee must be submitted to the Office of the Controller of Examinations.",Examination,Student Handbook 2025-2026
137,What is the passing requirement?,"For Semester End Examinations, students must obtain at least 45 marks out of 100 in the SEE. They must also obtain at least 50 marks out of 100 when Internal and External marks are combined. Students must additionally satisfy the applicable attendance requirements.",Examination,Student Handbook 2025-2026
138,What are the attendance requirements for examinations?,Students must satisfy the attendance requirements prescribed by the academic regulations to become eligible for Semester End Examinations. Attendance shortage may affect examination eligibility. Students should maintain the required attendance throughout the semester.,Examination,Student Handbook 2025-2026
139,What is the minimum attendance requirement?,The applicable minimum attendance requirement is prescribed by the academic regulations. Students must maintain the required attendance to remain eligible for examinations. The exact requirement should be checked against the regulations applicable to the student's programme and batch.,Attendance,Student Handbook 2025-2026
140,How is student attendance calculated?,Attendance is calculated based on the student's participation in scheduled academic activities according to institutional attendance regulations. Faculty members record attendance during classes and other applicable academic sessions. The recorded attendance is used to determine examination eligibility.,Attendance,Student Handbook 2025-2026
141,How can I check my attendance?,"Students can check their attendance through the student information system or designated portal. Attendance records should be checked regularly during the semester. If there is an error, the student should report it to the concerned faculty member or academic authority.",Attendance,Student Handbook 2025-2026
142,Where can I see my attendance percentage?,The student's attendance percentage can be viewed through the designated student system when the attendance information is updated. Students should monitor the percentage regularly. This helps them identify shortages before the examination period.,Attendance,Student Handbook 2025-2026
143,How often is attendance updated?,Attendance is updated by the concerned faculty according to the institution's academic process. Students should regularly check their attendance record. Any discrepancy should be reported promptly to the concerned faculty member.,Attendance,Student Handbook 2025-2026
144,What happens if my attendance is low?,Low attendance can affect a student's eligibility to appear for Semester End Examinations. Students should monitor their attendance and take appropriate action when a shortage is identified. The consequences are governed by the applicable academic regulations.,Attendance,Student Handbook 2025-2026
145,What attendance is required for semester examinations?,Students must satisfy the minimum attendance requirement prescribed by the academic regulations before appearing for Semester End Examinations. Attendance is considered part of examination eligibility. Students should maintain sufficient attendance throughout the semester.,Attendance,Student Handbook 2025-2026
146,Can I attend exams with attendance shortage?,"Students with attendance shortage are subject to the applicable academic regulations. Examination eligibility depends on satisfying the prescribed attendance requirements. Any exception or condonation, if available, must follow the official procedure.",Attendance,Student Handbook 2025-2026
147,How can I apply for leave?,Students must submit leave requests through the prescribed institutional procedure. The request should be submitted to the appropriate academic authority for approval. Students should obtain permission before taking leave whenever required.,Attendance,Student Handbook 2025-2026
148,Who should approve my leave?,Leave must be approved by the authority designated under the applicable academic or institutional rules. Students should submit the leave request through the prescribed process before taking leave. Unauthorized absence can affect attendance.,Attendance,Student Handbook 2025-2026
149,How can I submit a leave application?,Students should submit the leave application through the prescribed institutional system or procedure. The application must contain the required details and be sent to the appropriate approving authority. Students should wait for approval when prior permission is required.,Attendance,Student Handbook 2025-2026
150,Can I apply for leave online?,Online leave application is available when the institution provides the facility through its student system. Students should use the prescribed portal and submit the request to the appropriate authority. The request must be approved before leave is taken when prior approval is required.,Attendance,Student Handbook 2025-2026
151,What happens if I take leave without permission?,Unauthorized absence can reduce the student's attendance percentage. It may also result in academic or disciplinary action according to institutional rules. Students should obtain the required permission before taking leave.,Attendance,Student Handbook 2025-2026
152,How can I correct an attendance mistake?,Students should report an attendance error to the concerned faculty member as soon as possible. The faculty member or designated academic authority can verify the attendance record. Corrections must be made through the prescribed institutional process.,Attendance,Student Handbook 2025-2026
153,What should I do if my attendance is marked incorrectly?,The student should contact the concerned faculty member or Class Advisor and explain the discrepancy. Supporting information may be provided if required. The correction should be made only through the authorized academic process.,Attendance,Student Handbook 2025-2026
154,Is attendance compulsory for laboratory classes?,Laboratory attendance is part of the academic attendance requirements. Students are expected to attend scheduled laboratory sessions regularly. Attendance shortage can affect eligibility according to the applicable academic regulations.,Attendance,Student Handbook 2025-2026
155,Is attendance compulsory for workshop classes?,Students are expected to attend workshop classes as part of their academic programme. Attendance is recorded according to the institutional procedure. The applicable attendance requirements must be satisfied for academic and examination eligibility.,Attendance,Student Handbook 2025-2026
156,Is attendance required during project work?,Students must follow the attendance requirements applicable to project work. Project activities and academic requirements must be completed according to the programme regulations. The concerned faculty or project coordinator provides the applicable guidance.,Attendance,Student Handbook 2025-2026
157,When should hostel biometric attendance be registered?,Hostel students must register biometric attendance every day between 7:00 PM and 8:15 PM. The biometric record is mandatory for hostel residents. Failure to register within the prescribed period can result in attendance and mail restrictions.,Attendance,Student Handbook 2025-2026
158,What happens if biometric attendance is missed?,"If biometric attendance is missed, hostel attendance and mail facilities may be blocked. The respective parent may also receive a notification. Students must approach the appropriate hostel authority to resolve the issue.",Attendance,Student Handbook 2025-2026
159,Can class attendance be blocked?,Attendance records are maintained according to institutional academic rules. Students who do not satisfy attendance requirements may face restrictions relating to examination eligibility. Any attendance-related action is taken according to the applicable regulations.,Attendance,Student Handbook 2025-2026
160,Who handles attendance complaints?,"Attendance complaints should first be reported to the concerned faculty member or Class Advisor. If the issue is not resolved, it can be taken to the appropriate academic authority. Students should report errors promptly.",Attendance,Student Handbook 2025-2026
161,How can I contact my Class Advisor about attendance?,Students can contact their assigned Class Advisor for attendance-related concerns. The Class Advisor can help verify attendance records and guide the student regarding the applicable academic procedure.,Attendance,Student Handbook 2025-2026
162,How can I apply for a bus pass?,Students who require college transport should follow the prescribed transport registration procedure. A bus pass may be issued after completing the required application and payment formalities. The exact current procedure is determined by the transport department.,Transport,Student Handbook 2025-2026
163,What are the college bus timings?,The college operates buses for students and staff from various locations. Exact bus timings depend on the transport schedule and route. Students should refer to the current transport schedule for their specific route.,Transport,Student Handbook 2025-2026
164,What bus routes are available?,The institution operates buses covering various locations to provide transport for students and staff. The handbook does not provide a complete current route-wise list. Students should obtain the latest route information from the transport department.,Transport,Student Handbook 2025-2026
165,Where are the bus stops?,Bus stops are determined according to the routes operated by the college transport department. The handbook does not provide a complete current list of every stop. Students should check the official transport schedule for the relevant route.,Transport,Student Handbook 2025-2026
166,Who can use the college bus?,The college bus facility is provided for eligible students and staff according to transport rules. Students must follow the prescribed registration and bus-pass requirements. Transport usage is subject to availability and institutional regulations.,Transport,Student Handbook 2025-2026
167,Is a bus pass required?,A valid bus pass may be required for students using the college transport facility. Students should complete the prescribed transport registration process and carry the required pass.,Transport,Student Handbook 2025-2026
168,How much does the bus pass cost?,The Student Handbook does not provide a single current bus-pass price. The applicable amount depends on the transport arrangement and route. Students should check the latest transport fee notification.,Transport,Student Handbook 2025-2026
169,How can I renew my bus pass?,Students should apply for renewal through the prescribed transport procedure before the existing pass expires. The renewal may require payment of the applicable transport fee. Exact renewal instructions are issued by the transport department.,Transport,Student Handbook 2025-2026
170,Can I change my bus route?,Route changes depend on availability and approval from the transport department. Students should submit a request through the prescribed procedure. A change is not automatic and depends on the available route and transport capacity.,Transport,Student Handbook 2025-2026
171,Can I change my bus stop?,Students may request a change of bus stop through the transport department. The request is subject to route availability and approval. Students should use the prescribed transport procedure before changing their regular stop.,Transport,Student Handbook 2025-2026
172,Is transport available on weekends?,Weekend transport depends on the official transport schedule. The institution may operate transport according to academic or institutional requirements. Students should check the current schedule for weekend services.,Transport,Student Handbook 2025-2026
173,Is transport available on holidays?,Holiday transport availability depends on institutional requirements and the transport schedule. Students should not assume that regular buses operate on holidays. The latest transport communication should be checked before travelling.,Transport,Student Handbook 2025-2026
174,What happens if I miss the college bus?,"If a student misses the scheduled college bus, the student should make an alternative approved travel arrangement. The student can contact the transport department if the issue is related to the bus service. Students should not use unauthorized transport arrangements on behalf of the institution.",Transport,Student Handbook 2025-2026
175,Who should I contact about transport?,"Transport-related questions should be directed to the college transport department. The department handles route, bus-pass, timing and transport-service related matters. Students should use the official communication channel for assistance.",Transport,Student Handbook 2025-2026
176,How can I report a bus problem?,Students should report bus-related problems to the transport department or designated transport authority. The report should include the bus route and relevant details of the problem. This helps the department investigate and take appropriate action.,Transport,Student Handbook 2025-2026
177,What are the rules for travelling in the bus?,"Students must follow safety, discipline and conduct rules while travelling on college buses. They should respect the driver and other passengers and avoid behaviour that creates a safety risk. Transport facilities must be used responsibly.",Transport,Student Handbook 2025-2026
178,Are buses available for educational tours?,The institution operates transport vehicles that may be used for institutional and educational activities. Availability for educational tours depends on official arrangements and approval. Students should make requests through the concerned department.,Transport,Student Handbook 2025-2026
179,Can parents use the college bus?,Parent or visitor use of college buses is not a regular student transport facility. Such use would require institutional permission and must comply with transport rules. Students should contact the transport authority for specific arrangements.,Transport,Student Handbook 2025-2026
180,What happens if the bus is delayed?,"Students should wait for official transport information when a college bus is delayed. If necessary, they can contact the transport department for an update. Any route or timing change should be followed according to official communication.",Transport,Student Handbook 2025-2026
181,How can I know if a bus is cancelled?,"Bus cancellations or route changes are communicated through the official transport or college communication channels. Students should check these updates before travelling. If the information is unclear, they should contact the transport department.",Transport,Student Handbook 2025-2026
182,How can I register for a scholarship?,"Students must apply for the scholarship through the prescribed scholarship procedure. The handbook lists Central Government, State Government and Institute scholarship categories. Eligibility and required documents depend on the particular scholarship.",Scholarship,Student Handbook 2025-2026
183,What scholarships are available for students?,"The handbook lists scholarships provided under Central Government, State Government and Institute schemes. Examples include First Graduate Scholarship, BC/MBC/DNC scholarships, SC/ST scholarships, minority scholarships, disability scholarships and merit-related institute scholarships.",Scholarship,Student Handbook 2025-2026
184,Who is eligible for scholarships?,"Eligibility depends on the specific scholarship scheme. General scholarship eligibility normally applies to students admitted through counselling unless the particular scholarship states otherwise. Students must satisfy the academic, category or income conditions applicable to the selected scholarship.",Scholarship,Student Handbook 2025-2026
185,What documents are required for scholarships?,"Students must submit the documents required for the relevant scholarship scheme. The required documents may include academic, category, income or other supporting certificates depending on the scheme. The scholarship office verifies the submitted documents before processing.",Scholarship,Student Handbook 2025-2026
186,When is the scholarship application deadline?,The scholarship deadline depends on the particular scholarship authority and notification. Students must submit applications within the prescribed period. The current deadline should be checked with the scholarship office or relevant scholarship portal.,Scholarship,Student Handbook 2025-2026
187,How can I check my scholarship status?,Students can check scholarship status through the relevant scholarship portal or the designated scholarship office. The status depends on application verification and approval by the concerned authority. Students should retain their application details for tracking.,Scholarship,Student Handbook 2025-2026
188,How can I track my scholarship application?,"Application tracking can be done through the prescribed scholarship system when online tracking is available. Students should use their application or registration details to check progress. For institution-level issues, the scholarship office can provide assistance.",Scholarship,Student Handbook 2025-2026
189,How can I correct my scholarship application?,"Application corrections can be made only during the correction period provided by the scholarship authority. Students should verify the information before final submission. If corrections are required after submission, they should follow the official correction procedure.",Scholarship,Student Handbook 2025-2026
190,What clubs are available at BIT?,"BIT has more than 20 clubs, leadership groups and technical societies covering areas such as art, music, dance, photography and technology. Students can join clubs according to their interests and participate in activities, events and camps.",Clubs and Societies,Student Handbook 2025-2026
191,How can I join a club?,"Freshers and other students can join the clubs and societies available at BIT according to their interests. Students can contact the respective club coordinator or Freshman Coordinator for guidance. Club activities provide opportunities to develop skills, leadership and teamwork.",Clubs and Societies,Student Handbook 2025-2026
192,What are the benefits of joining a club?,"Joining a club helps students participate in extracurricular activities while continuing their academics. Students can develop leadership, teamwork, communication and organizational skills through events and activities. Clubs also provide opportunities to contribute to the campus community.",Clubs and Societies,Student Handbook 2025-2026
193,Are there technical clubs at BIT?,"Yes, BIT has technical societies and clubs where students can explore technical interests and develop practical skills. Students can participate in activities, events and projects organized by these groups.",Clubs and Societies,Student Handbook 2025-2026
194,Is there a photography club?,Photography is one of the areas covered by the clubs and societies at BIT. Students interested in photography can participate in related activities and events organized through the campus club system.,Clubs and Societies,Student Handbook 2025-2026
195,Is there NCC in the college?,"Yes, BIT has NCC units that provide students with training and opportunities for leadership development. The campus has three NCC units, including units for general, girls and air-squadron activities.",NCC,Student Handbook 2025-2026
196,How many NCC units are there?,"BIT has three NCC units. They include 2 (TN) CTC, 5 (TN) Girls Battalion and 2 (TN) Air Squadron. Students can contact the respective NCC officers for information about participation.",NCC,Student Handbook 2025-2026
197,What is the purpose of NCC?,"NCC helps students develop character, discipline, leadership qualities and a sense of patriotism. Students receive training and opportunities to participate in activities that support personal and leadership development.",NCC,Student Handbook 2025-2026
198,How can I join NCC?,Students interested in NCC should approach the appropriate NCC unit or officer on campus. Admission and participation are subject to the requirements and availability of the respective NCC unit.,NCC,Student Handbook 2025-2026
199,Is there NSS in the college?,"Yes, BIT has two NSS units with around 200 volunteers. NSS students participate in activities related to health, environment, literacy and disaster relief.",NSS,Student Handbook 2025-2026
200,What activities are conducted by NSS?,"NSS volunteers participate in health, environmental, literacy and disaster-relief initiatives. These activities help students develop teamwork, empathy, discipline and social responsibility.",NSS,Student Handbook 2025-2026
201,How can I join NSS?,"Students interested in social-service activities can approach the NSS units for participation. BIT has two NSS units, and students can contact the concerned NSS coordinator for further information.",NSS,Student Handbook 2025-2026
202,How many NSS units are available?,BIT has two NSS units. The units involve students in community-oriented activities and social-service programmes.,NSS,Student Handbook 2025-2026
203,Is yoga available at BIT?,"Yes, yoga sessions are available at BIT. Two experienced trainers conduct sessions in the morning or evening according to convenience. A dedicated yoga hall is available on campus, with additional halls in the boys' and girls' hostels.",Yoga,Student Handbook 2025-2026
204,When are yoga sessions conducted?,Yoga sessions are conducted either in the morning or evening according to convenience. Students can participate in the sessions arranged by the yoga trainers.,Yoga,Student Handbook 2025-2026
205,Where can students practise yoga?,A dedicated yoga hall is available on the main campus. Separate yoga halls are also available in the boys' and girls' hostels for the convenience of hostel residents.,Yoga,Student Handbook 2025-2026
206,What is the Student Grievance System?,"The Student Grievance System provides a formal process for students to raise concerns related to academics, administration, campus facilities or interpersonal matters. It aims to resolve complaints fairly and transparently while protecting student rights.",Student Support,Student Handbook 2025-2026
207,How can I submit a student grievance?,"Students can register their concerns through the prescribed Student Grievance System. The system provides a formal and transparent process for addressing academic, administrative, facility and interpersonal issues.",Student Support,Student Handbook 2025-2026
208,What types of complaints can be raised through the grievance system?,"Students can raise concerns related to academics, administration, campus facilities and interpersonal matters. The grievance system is designed to provide a fair and transparent mechanism for resolving such issues.",Student Support,Student Handbook 2025-2026
209,Who handles student grievances?,Student grievances are handled through the Student Grievance System under the designated authority. The handbook identifies Mr C Sathishkumar as the in-charge for the Student Grievance System.,Student Support,Student Handbook 2025-2026
210,What is the Internship Guidance Cell?,The Internship Guidance Cell helps students understand the importance of internships and identify suitable opportunities. It validates industries offering internships and helps students find discipline-specific internship opportunities.,Internship,Student Handbook 2025-2026
211,How does the Internship Guidance Cell help students?,The cell connects students with industries and helps them identify suitable internships related to their discipline. It also validates the industries that offer internship opportunities to students.,Internship,Student Handbook 2025-2026
212,Who manages the Internship Guidance Cell?,The Internship Guidance Cell functions under Student Achievements (SAc). Dr T Perarasi is listed as the in-charge of the cell in the Student Handbook.,Internship,Student Handbook 2025-2026
213,What is the IPR Cell?,"The IPR Cell supports students in protecting and developing their intellectual property. It provides guidance on patent searching, TRIZ methodology, patent drafting and preparation of patent filing documents.",IPR,Student Handbook 2025-2026
214,Can the IPR Cell help with patent filing?,"Yes, the IPR Cell supports students in preparing and filing patents for intellectual property created by them. It provides guidance on patent documents and helps students complete the required patent filing forms.",IPR,Student Handbook 2025-2026
215,Does the IPR Cell provide patent training?,"Yes, the IPR Cell provides structured training on patent search techniques, TRIZ methodology and patent drafting essentials. The training helps students understand the process of developing and protecting intellectual property.",IPR,Student Handbook 2025-2026
216,What is the Anti-Ragging Committee?,"The Anti-Ragging Committee works to prevent ragging and create a safe campus environment. It spreads awareness about the harmful effects of ragging, takes action when incidents occur and provides information and support regarding anti-ragging regulations.",Anti-Ragging,Student Handbook 2025-2026
217,Is ragging allowed at BIT?,"No, ragging is prohibited at BIT. The institution takes preventive and disciplinary measures against ragging, including humiliation, bullying, intimidation, verbal abuse and online harassment.",Anti-Ragging,Student Handbook 2025-2026
218,What should I do if I face ragging?,"A student who experiences ragging should report the incident through the appropriate anti-ragging authorities. The Anti-Ragging Committee and Anti-Ragging Squad are responsible for prevention, detection and action against ragging incidents.",Anti-Ragging,Student Handbook 2025-2026
219,What is the Anti-Drug Squad?,"The Anti-Drug Squad works to maintain a drug-free campus environment. Its activities include creating awareness, preventing drug use and trafficking, detecting drug-related issues and coordinating with external agencies when required.",Anti-Drug,Student Handbook 2025-2026
220,Are drugs allowed on campus?,"No, prohibited drugs and substances are not permitted on campus. The Anti-Drug Cell works to prevent drug use and trafficking and promotes awareness about the harmful effects of drug abuse.",Anti-Drug,Student Handbook 2025-2026
221,What is the Discipline Welfare Committee?,"The Discipline Welfare Committee helps maintain a disciplined and positive learning environment. It promotes student welfare, supports policy development and handles disciplinary matters according to institutional procedures.",Discipline,Student Handbook 2025-2026
222,What happens if a student violates college rules?,Rule violations are investigated through the prescribed disciplinary process. Students are given an opportunity to present their explanation before appropriate action is taken. Serious or unresolved matters can be escalated to higher authorities according to the institutional procedure.,Discipline,Student Handbook 2025-2026
223,Who handles disciplinary complaints?,"The Discipline Committee and Discipline Enquiry Committee handle disciplinary matters. Initially, issues may be addressed through the student's mentor and counselling, while unresolved or serious cases can be escalated to the Head of the Department or college management.",Discipline,Student Handbook 2025-2026
224,What is the dress code at BIT?,"Students must wear neat, clean and formal attire with proper shoes. The handbook specifies appropriate clothing for boys and girls and requires students to maintain a neat and properly groomed appearance while on campus.",Discipline,Student Handbook 2025-2026
225,Can students wear casual clothes to college?,"Students are expected to follow the formal dress code prescribed by the institution. Neat and clean formal attire with proper shoes is required, while certain clothing styles and accessories are specifically prohibited.",Discipline,Student Handbook 2025-2026
226,What happens during a disciplinary enquiry?,"The Discipline Enquiry Committee investigates the reported misconduct and gives the student an opportunity to explain the situation. After considering the findings, suitable disciplinary action may be taken according to institutional guidelines.",Discipline,Student Handbook 2025-2026
227,Does BIT provide career training?,"Yes, the Training and Placement team provides training in technical, aptitude, core, verbal and soft skills. Training is personalized according to students' understanding and academic needs and also includes guidance for competitive examinations.",Training and Placement,Student Handbook 2025-2026
228,When does placement training start?,"Placement-related training activities are provided progressively from the early stages of the student's programme. The Training and Placement Cell conducts technical, aptitude, core, verbal and soft-skill development activities to prepare students for careers.",Training and Placement,Student Handbook 2025-2026
229,What documents should I carry for placement interviews?,"Students should maintain an interview file containing copies of their 10th and 12th certificates, UG grade sheets for all semesters, PAN, passport if applicable, resume and a passport-size photograph. Students should also maintain a strong formal resume and active GitHub profile.",Training and Placement,Student Handbook 2025-2026
230,What should I do after accepting a job offer?,"Once a student accepts a job offer through the placement process, joining the company is mandatory according to the Student Handbook. Students should therefore carefully consider the opportunity before accepting the offer.",Training and Placement,Student Handbook 2025-2026
231,,,,
232,,,,
233,,,,
234,,,,
235,,,,
236,,,,
237,,,,
238,,,,
239,,,,
240,,,,
